Workbook

Sheet Sayfa1
A1: code | B1: name | C1: category | D1: unit_price | E1: description | F1: notes | G1: attr_name_1 | H1: attr_value_1 | I1: attr_unit_1 | J1: attr_type_1 | K1: attr_name_2 | L1: attr_value_2 | M1: attr_unit_2 | N1: attr_type_2 | O1: attr_name_3 | P1: attr_value_3 | Q1: attr_unit_3 | R1: attr_type_3
A2: RXB-MRB- 8M16PK-1552-Lw-m | B2: =VLOOKUP(A2,Sayfa2!A:B,2,0) -> 16 PK 8M 1552 | C2: Kayış | D2: =VLOOKUP(A2,Sayfa2!O:P,2,0) -> 15.12 | G2: Uzunluk | H2: =VLOOKUP(A2,Sayfa2!K:L,2,0) -> 1552 | I2: mm | J2: number | K2: Tipi | L2: =VLOOKUP(A2,Sayfa2!I:J,2,0) -> 8M16PK | N2: text | O2: Ağırlık | P2: =VLOOKUP(A2,Sayfa2!M:N,2,0) -> 0.9 | Q2: KG | R2: number
A3: RXB-MRB- 8M16PK-2248-Lw-m | B3: =VLOOKUP(A3,Sayfa2!A:B,2,0) -> 16 PK 8M 2248 | C3: Kayış | D3: =VLOOKUP(A3,Sayfa2!O:P,2,0) -> 22.086 | G3: Uzunluk | H3: =VLOOKUP(A3,Sayfa2!K:L,2,0) -> 2248 | I3: mm | J3: number | K3: Tipi | L3: =VLOOKUP(A3,Sayfa2!I:J,2,0) -> 8M16PK | N3: text | O3: Ağırlık | P3: =VLOOKUP(A3,Sayfa2!M:N,2,0) -> 1.3 | Q3: KG | R3: number
A4: RXB-MRB- 8M12PK-1760-Lw-m | B4: =VLOOKUP(A4,Sayfa2!A:B,2,0) -> 12 PK 8M 1760 | C4: Kayış | D4: =VLOOKUP(A4,Sayfa2!O:P,2,0) -> 14.5 | G4: Uzunluk | H4: =VLOOKUP(A4,Sayfa2!K:L,2,0) -> 1760 | I4: mm | J4: number | K4: Tipi | L4: =VLOOKUP(A4,Sayfa2!I:J,2,0) -> 8M12PK | N4: text | O4: Ağırlık | P4: =VLOOKUP(A4,Sayfa2!M:N,2,0) -> 0.75 | Q4: KG | R4: number
A5: RXB-MRB- 8M24PK-1760-Lw-m | B5: =VLOOKUP(A5,Sayfa2!A:B,2,0) -> 24 PK 8M 1760 | C5: Kayış | D5: =VLOOKUP(A5,Sayfa2!O:P,2,0) -> 29 | G5: Uzunluk | H5: =VLOOKUP(A5,Sayfa2!K:L,2,0) -> 1760 | I5: mm | J5: number | K5: Tipi | L5: =VLOOKUP(A5,Sayfa2!I:J,2,0) -> 8M24PK | N5: text | O5: Ağırlık | P5: =VLOOKUP(A5,Sayfa2!M:N,2,0) -> 1.5 | Q5: KG | R5: number
A6: RXB-MRB- 8M28PK-1760-Lw-m | B6: =VLOOKUP(A6,Sayfa2!A:B,2,0) -> 28 PK 8M 1760 | C6: Kayış | D6: =VLOOKUP(A6,Sayfa2!O:P,2,0) -> 33.2 | G6: Uzunluk | H6: =VLOOKUP(A6,Sayfa2!K:L,2,0) -> 1760 | I6: mm | J6: number | K6: Tipi | L6: =VLOOKUP(A6,Sayfa2!I:J,2,0) -> 8M28PK | N6: text | O6: Ağırlık | P6: =VLOOKUP(A6,Sayfa2!M:N,2,0) -> 1.75 | Q6: KG | R6: number
A7: RXB-MRB- 8M36PK-1760-Lw-m | B7: =VLOOKUP(A7,Sayfa2!A:B,2,0) -> 36 PK 8M 1760 | C7: Kayış | D7: =VLOOKUP(A7,Sayfa2!O:P,2,0) -> 38.574 | G7: Uzunluk | H7: =VLOOKUP(A7,Sayfa2!K:L,2,0) -> 1760 | I7: mm | J7: number | K7: Tipi | L7: =VLOOKUP(A7,Sayfa2!I:J,2,0) -> 8M36PK | N7: text | O7: Ağırlık | P7: =VLOOKUP(A7,Sayfa2!M:N,2,0) -> 2.25 | Q7: KG | R7: number
A8: RXB-MRB- 8M36PK-2800-Lw-m | B8: =VLOOKUP(A8,Sayfa2!A:B,2,0) -> 36 PK 8M 2800 | C8: Kayış | D8: =VLOOKUP(A8,Sayfa2!O:P,2,0) -> 61.367 | G8: Uzunluk | H8: =VLOOKUP(A8,Sayfa2!K:L,2,0) -> 2800 | I8: mm | J8: number | K8: Tipi | L8: =VLOOKUP(A8,Sayfa2!I:J,2,0) -> 8M36PK | N8: text | O8: Ağırlık | P8: =VLOOKUP(A8,Sayfa2!M:N,2,0) -> 3.6 | Q8: KG | R8: number
A9: RXB-MRB-14M36PK-1764-Lw-m | B9: =VLOOKUP(A9,Sayfa2!A:B,2,0) -> 36 PK 14M 1764 | C9: Kayış | D9: =VLOOKUP(A9,Sayfa2!O:P,2,0) -> 58.266 | G9: Uzunluk | H9: =VLOOKUP(A9,Sayfa2!K:L,2,0) -> 1764 | I9: mm | J9: number | K9: Tipi | L9: =VLOOKUP(A9,Sayfa2!I:J,2,0) -> 14M36PK | N9: text | O9: Ağırlık | P9: =VLOOKUP(A9,Sayfa2!M:N,2,0) -> 3 | Q9: KG | R9: number
A10: RXB-MRB-8M120PK-1552-Lw-m | B10: =VLOOKUP(A10,Sayfa2!A:B,2,0) -> 120 PK 8M 1552 | C10: Kayış | D10: =VLOOKUP(A10,Sayfa2!O:P,2,0) -> 113.4 | G10: Uzunluk | H10: =VLOOKUP(A10,Sayfa2!K:L,2,0) -> 1552 | I10: mm | J10: number | K10: Tipi | L10: =VLOOKUP(A10,Sayfa2!I:J,2,0) -> 8M120PK | N10: text | O10: Ağırlık | P10: =VLOOKUP(A10,Sayfa2!M:N,2,0) -> 6.7 | Q10: KG | R10: number
A11: RXB-MRB-8M120PK-1760-Lw-m | B11: =VLOOKUP(A11,Sayfa2!A:B,2,0) -> 120 PK 8M 1760 | C11: Kayış | D11: =VLOOKUP(A11,Sayfa2!O:P,2,0) -> 128.583 | G11: Uzunluk | H11: =VLOOKUP(A11,Sayfa2!K:L,2,0) -> 1760 | I11: mm | J11: number | K11: Tipi | L11: =VLOOKUP(A11,Sayfa2!I:J,2,0) -> 8M120PK | N11: text | O11: Ağırlık | P11: =VLOOKUP(A11,Sayfa2!M:N,2,0) -> 7.6 | Q11: KG | R11: number
A12: RXB-MRB-8M120PK-2400-Lw-m | B12: =VLOOKUP(A12,Sayfa2!A:B,2,0) -> 119 PK 8M 2400 | C12: Kayış | D12: =VLOOKUP(A12,Sayfa2!O:P,2,0) -> 175.36 | G12: Uzunluk | H12: =VLOOKUP(A12,Sayfa2!K:L,2,0) -> 2400 | I12: mm | J12: number | K12: Tipi | L12: =VLOOKUP(A12,Sayfa2!I:J,2,0) -> 8M120PK | N12: text | O12: Ağırlık | P12: =VLOOKUP(A12,Sayfa2!M:N,2,0) -> 10.5 | Q12: KG | R12: number
A13: RXB-MRB-8M120PK-2800-Lw-m | B13: =VLOOKUP(A13,Sayfa2!A:B,2,0) -> 120 PK 8M 2800 | C13: Kayış | D13: =VLOOKUP(A13,Sayfa2!O:P,2,0) -> 204.6 | G13: Uzunluk | H13: =VLOOKUP(A13,Sayfa2!K:L,2,0) -> 2800 | I13: mm | J13: number | K13: Tipi | L13: =VLOOKUP(A13,Sayfa2!I:J,2,0) -> 8M120PK | N13: text | O13: Ağırlık | P13: =VLOOKUP(A13,Sayfa2!M:N,2,0) -> 12.5 | Q13: KG | R13: number
... A19: RXB-OETB-S8M-15-100-m | B19: =VLOOKUP(A19,Sayfa2!A:B,2,0) -> 15-S8M-100M R | C19: Kayış | D19: =VLOOKUP(A19,Sayfa2!O:P,2,0) -> 0.92 | G19: Uzunluk | H19: =VLOOKUP(A19,Sayfa2!K:L,2,0) -> 100 | I19: mm | J19: number | K19: Tipi | L19: =VLOOKUP(A19,Sayfa2!I:J,2,0) -> S8M15 | N19: text | O19: Ağırlık | P19: =VLOOKUP(A19,Sayfa2!M:N,2,0) -> 9.15 | Q19: KG | R19: number

Sheet Sayfa2
C1: 4010.39 GV 6,5 GÖZ TSE
B3: STOK KODU | G3: MALEZYA 2021 | P3: MALEZYA 2021
C4: TOPLAMLAR | F4: kilo | N4: kilo
A5: RXB-MRB- 8M16PK-1552-Lw-m | B5: 16 PK 8M 1552 | C5: 8M | D5: 16PK | E5: 1552 | F5: 0.9 | G5: 15.12 | I5: RXB-MRB- 8M16PK-1552-Lw-m | J5: =C5&D5 -> 8M16PK | K5: RXB-MRB- 8M16PK-1552-Lw-m | L5: 1552 | M5: RXB-MRB- 8M16PK-1552-Lw-m | N5: 0.9 | O5: RXB-MRB- 8M16PK-1552-Lw-m | P5: 15.12
A6: RXB-MRB- 8M16PK-2248-Lw-m | B6: 16 PK 8M 2248 | C6: 8M | D6: 16PK | E6: 2248 | F6: 1.3 | G6: 22.086 | I6: RXB-MRB- 8M16PK-2248-Lw-m | J6: =C6&D6 -> 8M16PK | K6: RXB-MRB- 8M16PK-2248-Lw-m | L6: 2248 | M6: RXB-MRB- 8M16PK-2248-Lw-m | N6: 1.3 | O6: RXB-MRB- 8M16PK-2248-Lw-m | P6: 22.086
A7: RXB-MRB- 8M12PK-1760-Lw-m | B7: 12 PK 8M 1760 | C7: 8M | D7: 12PK | E7: 1760 | F7: 0.75 | G7: 14.5 | I7: RXB-MRB- 8M12PK-1760-Lw-m | J7: =C7&D7 -> 8M12PK | K7: RXB-MRB- 8M12PK-1760-Lw-m | L7: 1760 | M7: RXB-MRB- 8M12PK-1760-Lw-m | N7: 0.75 | O7: RXB-MRB- 8M12PK-1760-Lw-m | P7: 14.5
A8: RXB-MRB- 8M24PK-1760-Lw-m | B8: 24 PK 8M 1760 | C8: 8M | D8: 24PK | E8: 1760 | F8: 1.5 | G8: 29 | I8: RXB-MRB- 8M24PK-1760-Lw-m | J8: =C8&D8 -> 8M24PK | K8: RXB-MRB- 8M24PK-1760-Lw-m | L8: 1760 | M8: RXB-MRB- 8M24PK-1760-Lw-m | N8: 1.5 | O8: RXB-MRB- 8M24PK-1760-Lw-m | P8: 29
A9: RXB-MRB- 8M28PK-1760-Lw-m | B9: 28 PK 8M 1760 | C9: 8M | D9: 28PK | E9: 1760 | F9: 1.75 | G9: 33.2 | I9: RXB-MRB- 8M28PK-1760-Lw-m | J9: =C9&D9 -> 8M28PK | K9: RXB-MRB- 8M28PK-1760-Lw-m | L9: 1760 | M9: RXB-MRB- 8M28PK-1760-Lw-m | N9: 1.75 | O9: RXB-MRB- 8M28PK-1760-Lw-m | P9: 33.2
A10: RXB-MRB- 8M36PK-1760-Lw-m | B10: 36 PK 8M 1760 | C10: 8M | D10: 36PK | E10: 1760 | F10: 2.25 | G10: 38.574 | I10: RXB-MRB- 8M36PK-1760-Lw-m | J10: =C10&D10 -> 8M36PK | K10: RXB-MRB- 8M36PK-1760-Lw-m | L10: 1760 | M10: RXB-MRB- 8M36PK-1760-Lw-m | N10: 2.25 | O10: RXB-MRB- 8M36PK-1760-Lw-m | P10: 38.574
A11: RXB-MRB- 8M36PK-2800-Lw-m | B11: 36 PK 8M 2800 | C11: 8M | D11: 36PK | E11: 2800 | F11: 3.6 | G11: 61.367 | I11: RXB-MRB- 8M36PK-2800-Lw-m | J11: =C11&D11 -> 8M36PK | K11: RXB-MRB- 8M36PK-2800-Lw-m | L11: 2800 | M11: RXB-MRB- 8M36PK-2800-Lw-m | N11: 3.6 | O11: RXB-MRB- 8M36PK-2800-Lw-m | P11: 61.367
A12: RXB-MRB-14M36PK-1764-Lw-m | B12: 36 PK 14M 1764 | C12: 14M | D12: 36PK | E12: 1764 | F12: 3 | G12: 58.266 | I12: RXB-MRB-14M36PK-1764-Lw-m | J12: =C12&D12 -> 14M36PK | K12: RXB-MRB-14M36PK-1764-Lw-m | L12: 1764 | M12: RXB-MRB-14M36PK-1764-Lw-m | N12: 3 | O12: RXB-MRB-14M36PK-1764-Lw-m | P12: 58.266
A13: RXB-MRB-8M120PK-1552-Lw-m | B13: 120 PK 8M 1552 | C13: 8M | D13: 120PK | E13: 1552 | F13: 6.7 | G13: 113.4 | I13: RXB-MRB-8M120PK-1552-Lw-m | J13: =C13&D13 -> 8M120PK | K13: RXB-MRB-8M120PK-1552-Lw-m | L13: 1552 | M13: RXB-MRB-8M120PK-1552-Lw-m | N13: 6.7 | O13: RXB-MRB-8M120PK-1552-Lw-m | P13: 113.4
A14: RXB-MRB-8M120PK-1760-Lw-m | B14: 120 PK 8M 1760 | C14: 8M | D14: 120PK | E14: 1760 | F14: 7.6 | G14: 128.583 | I14: RXB-MRB-8M120PK-1760-Lw-m | J14: =C14&D14 -> 8M120PK | K14: RXB-MRB-8M120PK-1760-Lw-m | L14: 1760 | M14: RXB-MRB-8M120PK-1760-Lw-m | N14: 7.6 | O14: RXB-MRB-8M120PK-1760-Lw-m | P14: 128.583
A15: RXB-MRB-8M120PK-2400-Lw-m | B15: 119 PK 8M 2400 | C15: 8M | D15: 120PK | E15: 2400 | F15: 10.5 | G15: 175.36 | I15: RXB-MRB-8M120PK-2400-Lw-m | J15: =C15&D15 -> 8M120PK | K15: RXB-MRB-8M120PK-2400-Lw-m | L15: 2400 | M15: RXB-MRB-8M120PK-2400-Lw-m | N15: 10.5 | O15: RXB-MRB-8M120PK-2400-Lw-m | P15: 175.36
A16: RXB-MRB-8M120PK-2800-Lw-m | B16: 120 PK 8M 2800 | C16: 8M | D16: 120PK | E16: 2800 | F16: 12.5 | G16: 204.6 | I16: RXB-MRB-8M120PK-2800-Lw-m | J16: =C16&D16 -> 8M120PK | K16: RXB-MRB-8M120PK-2800-Lw-m | L16: 2800 | M16: RXB-MRB-8M120PK-2800-Lw-m | N16: 12.5 | O16: RXB-MRB-8M120PK-2800-Lw-m | P16: 204.6
A17: RXB-OETB-S5M-10-100-m | B17: 10-S5M-100M R | C17: S5M | D17: 10 | E17: 100 | F17: 4.5 | G17: 0.62 | I17: RXB-OETB-S5M-10-100-m | J17: =C17&D17 -> S5M10 | K17: RXB-OETB-S5M-10-100-m | L17: 100 | M17: RXB-OETB-S5M-10-100-m | N17: 4.5 | O17: RXB-OETB-S5M-10-100-m | P17: 0.62
A18: RXB-OETB-S8M-10-125-m | B18: 10-S8M-125M R | C18: S8M | D18: 10 | E18: 125 | F18: 8.05 | G18: 0.62 | I18: RXB-OETB-S8M-10-125-m | J18: =C18&D18 -> S8M10 | K18: RXB-OETB-S8M-10-125-m | L18: 125 | M18: RXB-OETB-S8M-10-125-m | N18: 8.05 | O18: RXB-OETB-S8M-10-125-m | P18: 0.62
A19: RXB-OETB-S5M-12-125-m | B19: 12-S5M-125M R | C19: S5M | D19: 12 | E19: 125 | F19: 6.69 | G19: 0.657 | I19: RXB-OETB-S5M-12-125-m | J19: =C19&D19 -> S5M12 | K19: RXB-OETB-S5M-12-125-m | L19: 125 | M19: RXB-OETB-S5M-12-125-m | N19: 6.69 | O19: RXB-OETB-S5M-12-125-m | P19: 0.657
A20: RXB-OETB-S8M-12-100-m | B20: 12-S8M-100M R | C20: S8M | D20: 12 | E20: 100 | F20: 7.68 | G20: 0.657 | I20: RXB-OETB-S8M-12-100-m | J20: =C20&D20 -> S8M12 | K20: RXB-OETB-S8M-12-100-m | L20: 100 | M20: RXB-OETB-S8M-12-100-m | N20: 7.68 | O20: RXB-OETB-S8M-12-100-m | P20: 0.657
A21: RXB-OETB-S5M-15-100-m | B21: 15-S5M-100M R | C21: S5M | D21: 15 | E21: 100 | F21: 6.5 | G21: 0.92 | I21: RXB-OETB-S5M-15-100-m | J21: =C21&D21 -> S5M15 | K21: RXB-OETB-S5M-15-100-m | L21: 100 | M21: RXB-OETB-S5M-15-100-m | N21: 6.5 | O21: RXB-OETB-S5M-15-100-m | P21: 0.92
A22: RXB-OETB-S8M-15-100-m | B22: 15-S8M-100M R | C22: S8M | D22: 15 | E22: 100 | F22: 9.15 | G22: 0.92 | I22: RXB-OETB-S8M-15-100-m | J22: =C22&D22 -> S8M15 | K22: RXB-OETB-S8M-15-100-m | L22: 100 | M22: RXB-OETB-S8M-15-100-m | N22: 9.15 | O22: RXB-OETB-S8M-15-100-m | P22: 0.92
