Workbook

Sheet Template
A1: code | B1: name | C1: category | D1: unit_price | E1: description | F1: notes | G1: attr_name_1 | H1: attr_value_1 | I1: attr_unit_1 | J1: attr_type_1 | K1: attr_name_2 | L1: attr_value_2 | M1: attr_unit_2 | N1: attr_type_2 | O1: attr_name_3 | P1: attr_value_3 | Q1: attr_unit_3 | R1: attr_type_3 | S1: attr_name_4 | T1: attr_value_4 | U1: attr_unit_4 | V1: attr_type_4
A2: ="OBR-"&SUBSTITUTE(SUBSTITUTE(SUBSTITUTE(B2," ","-"),"R-","BE-"),"-OBR","") -> OBR-BE-H-204 | B2: R H 204 OBR | C2: Manşonlar | D2: =VLOOKUP(A2,Sayfa2!C:D,2,0) -> 0.54 | G2: Ağırlık | H2: =VLOOKUP(A2,Sayfa2!A:B,2,0) -> 0.041 | I2: KG | J2: number
A3: ="OBR-"&SUBSTITUTE(SUBSTITUTE(SUBSTITUTE(B3," ","-"),"R-","BE-"),"-OBR","") -> OBR-BE-H-205 | B3: R H 205 OBR | C3: Manşonlar | D3: =VLOOKUP(A3,Sayfa2!C:D,2,0) -> 0.49 | G3: Ağırlık | H3: =VLOOKUP(A3,Sayfa2!A:B,2,0) -> 0.07 | I3: KG | J3: number
A4: ="OBR-"&SUBSTITUTE(SUBSTITUTE(SUBSTITUTE(B4," ","-"),"R-","BE-"),"-OBR","") -> OBR-BE-H-206 | B4: R H 206 OBR | C4: Manşonlar | D4: =VLOOKUP(A4,Sayfa2!C:D,2,0) -> 0.51 | G4: Ağırlık | H4: =VLOOKUP(A4,Sayfa2!A:B,2,0) -> 0.1 | I4: KG | J4: number
A5: ="OBR-"&SUBSTITUTE(SUBSTITUTE(SUBSTITUTE(B5," ","-"),"R-","BE-"),"-OBR","") -> OBR-BE-H-207 | B5: R H 207 OBR | C5: Manşonlar | D5: =VLOOKUP(A5,Sayfa2!C:D,2,0) -> 0.57 | G5: Ağırlık | H5: =VLOOKUP(A5,Sayfa2!A:B,2,0) -> 0.13 | I5: KG | J5: number
A6: ="OBR-"&SUBSTITUTE(SUBSTITUTE(SUBSTITUTE(B6," ","-"),"R-","BE-"),"-OBR","") -> OBR-BE-H-208 | B6: R H 208 OBR | C6: Manşonlar | D6: =VLOOKUP(A6,Sayfa2!C:D,2,0) -> 0.62 | G6: Ağırlık | H6: =VLOOKUP(A6,Sayfa2!A:B,2,0) -> 0.17 | I6: KG | J6: number
A7: ="OBR-"&SUBSTITUTE(SUBSTITUTE(SUBSTITUTE(B7," ","-"),"R-","BE-"),"-OBR","") -> OBR-BE-H-209 | B7: R H 209 OBR | C7: Manşonlar | D7: =VLOOKUP(A7,Sayfa2!C:D,2,0) -> 0.72 | G7: Ağırlık | H7: =VLOOKUP(A7,Sayfa2!A:B,2,0) -> 0.23 | I7: KG | J7: number
A8: ="OBR-"&SUBSTITUTE(SUBSTITUTE(SUBSTITUTE(B8," ","-"),"R-","BE-"),"-OBR","") -> OBR-BE-H-210 | B8: R H 210 OBR | C8: Manşonlar | D8: =VLOOKUP(A8,Sayfa2!C:D,2,0) -> 0.82 | G8: Ağırlık | H8: =VLOOKUP(A8,Sayfa2!A:B,2,0) -> 0.27 | I8: KG | J8: number
A9: ="OBR-"&SUBSTITUTE(SUBSTITUTE(SUBSTITUTE(B9," ","-"),"R-","BE-"),"-OBR","") -> OBR-BE-H-211 | B9: R H 211 OBR | C9: Manşonlar | D9: =VLOOKUP(A9,Sayfa2!C:D,2,0) -> 0.92 | G9: Ağırlık | H9: =VLOOKUP(A9,Sayfa2!A:B,2,0) -> 0.31 | I9: KG | J9: number
A10: ="OBR-"&SUBSTITUTE(SUBSTITUTE(SUBSTITUTE(B10," ","-"),"R-","BE-"),"-OBR","") -> OBR-BE-H-212 | B10: R H 212 OBR | C10: Manşonlar | D10: =VLOOKUP(A10,Sayfa2!C:D,2,0) -> 1.05 | G10: Ağırlık | H10: =VLOOKUP(A10,Sayfa2!A:B,2,0) -> 0.35 | I10: KG | J10: number
A11: ="OBR-"&SUBSTITUTE(SUBSTITUTE(SUBSTITUTE(B11," ","-"),"R-","BE-"),"-OBR","") -> OBR-BE-H-213 | B11: R H 213 OBR | C11: Manşonlar | D11: =VLOOKUP(A11,Sayfa2!C:D,2,0) -> 1.19 | G11: Ağırlık | H11: =VLOOKUP(A11,Sayfa2!A:B,2,0) -> 0.4 | I11: KG | J11: number
A12: ="OBR-"&SUBSTITUTE(SUBSTITUTE(SUBSTITUTE(B12," ","-"),"R-","BE-"),"-OBR","") -> OBR-BE-H-214 | B12: R H 214 OBR | C12: Manşonlar | D12: =VLOOKUP(A12,Sayfa2!C:D,2,0) -> 1.76 | G12: Ağırlık | H12: =VLOOKUP(A12,Sayfa2!A:B,2,0) -> 0.6 | I12: KG | J12: number
A13: ="OBR-"&SUBSTITUTE(SUBSTITUTE(SUBSTITUTE(B13," ","-"),"R-","BE-"),"-OBR","") -> OBR-BE-H-215 | B13: R H 215 OBR | C13: Manşonlar | D13: =VLOOKUP(A13,Sayfa2!C:D,2,0) -> 1.88 | G13: Ağırlık | H13: =VLOOKUP(A13,Sayfa2!A:B,2,0) -> 0.71 | I13: KG | J13: number
... A69: ="OBR-"&SUBSTITUTE(SUBSTITUTE(SUBSTITUTE(B69," ","-"),"R-","BE-"),"-OBR","") -> OBR-BE-H-2340 | B69: R H 2340 OBR | C69: Manşonlar | D69: =VLOOKUP(A69,Sayfa2!C:D,2,0) -> 50.37 | G69: Ağırlık | H69: =VLOOKUP(A69,Sayfa2!A:B,2,0) -> 14 | I69: KG | J69: number
A70: ="OBR-"&SUBSTITUTE(SUBSTITUTE(SUBSTITUTE(TRIM(B70)," ","-"),"R-","BE-"),"-OBR","") -> OBR-BE-SN-505 | B70: R SN 505 | C70: SN-SNH Rulmanlar | D70: =VLOOKUP(A70,Sayfa2!C:D,2,0) -> 3.21 | G70: Ağırlık | H70: =VLOOKUP(A70,Sayfa2!A:B,2,0) -> 0 | I70: KG | J70: number
A71: ="OBR-"&SUBSTITUTE(SUBSTITUTE(SUBSTITUTE(TRIM(B71)," ","-"),"R-","BE-"),"-OBR","") -> OBR-BE-SN-506 | B71: R SN 506 | C71: SN-SNH Rulmanlar | D71: =VLOOKUP(A71,Sayfa2!C:D,2,0) -> 3.21 | G71: Ağırlık | H71: =VLOOKUP(A71,Sayfa2!A:B,2,0) -> 0 | I71: KG | J71: number
A72: ="OBR-"&SUBSTITUTE(SUBSTITUTE(SUBSTITUTE(TRIM(B72)," ","-"),"R-","BE-"),"-OBR","") -> OBR-BE-SN-507 | B72: R SN 507 | C72: SN-SNH Rulmanlar | D72: =VLOOKUP(A72,Sayfa2!C:D,2,0) -> 3.57 | G72: Ağırlık | H72: =VLOOKUP(A72,Sayfa2!A:B,2,0) -> 0 | I72: KG | J72: number
A73: ="OBR-"&SUBSTITUTE(SUBSTITUTE(SUBSTITUTE(TRIM(B73)," ","-"),"R-","BE-"),"-OBR","") -> OBR-BE-SN-508 | B73: R SN 508 | C73: SN-SNH Rulmanlar | D73: =VLOOKUP(A73,Sayfa2!C:D,2,0) -> 4.02 | G73: Ağırlık | H73: =VLOOKUP(A73,Sayfa2!A:B,2,0) -> 0 | I73: KG | J73: number
A74: ="OBR-"&SUBSTITUTE(SUBSTITUTE(SUBSTITUTE(TRIM(B74)," ","-"),"R-","BE-"),"-OBR","") -> OBR-BE-SN-509 | B74: R SN 509 | C74: SN-SNH Rulmanlar | D74: =VLOOKUP(A74,Sayfa2!C:D,2,0) -> 4.2 | G74: Ağırlık | H74: =VLOOKUP(A74,Sayfa2!A:B,2,0) -> 0 | I74: KG | J74: number
A75: ="OBR-"&SUBSTITUTE(SUBSTITUTE(SUBSTITUTE(TRIM(B75)," ","-"),"R-","BE-"),"-OBR","") -> OBR-BE-SN-510 | B75: R SN 510 | C75: SN-SNH Rulmanlar | D75: =VLOOKUP(A75,Sayfa2!C:D,2,0) -> 4.55 | G75: Ağırlık | H75: =VLOOKUP(A75,Sayfa2!A:B,2,0) -> 0 | I75: KG | J75: number
A76: ="OBR-"&SUBSTITUTE(SUBSTITUTE(SUBSTITUTE(TRIM(B76)," ","-"),"R-","BE-"),"-OBR","") -> OBR-BE-SN-511 | B76: R SN 511 | C76: SN-SNH Rulmanlar | D76: =VLOOKUP(A76,Sayfa2!C:D,2,0) -> 5.36 | G76: Ağırlık | H76: =VLOOKUP(A76,Sayfa2!A:B,2,0) -> 0 | I76: KG | J76: number
A77: ="OBR-"&SUBSTITUTE(SUBSTITUTE(SUBSTITUTE(TRIM(B77)," ","-"),"R-","BE-"),"-OBR","") -> OBR-BE-SN-512 | B77: R SN 512 | C77: SN-SNH Rulmanlar | D77: =VLOOKUP(A77,Sayfa2!C:D,2,0) -> 5.89 | G77: Ağırlık | H77: =VLOOKUP(A77,Sayfa2!A:B,2,0) -> 0 | I77: KG | J77: number
A78: ="OBR-"&SUBSTITUTE(SUBSTITUTE(SUBSTITUTE(TRIM(B78)," ","-"),"R-","BE-"),"-OBR","") -> OBR-BE-SN-513 | B78: R SN 513 | C78: SN-SNH Rulmanlar | D78: =VLOOKUP(A78,Sayfa2!C:D,2,0) -> 7.5 | G78: Ağırlık | H78: =VLOOKUP(A78,Sayfa2!A:B,2,0) -> 0 | I78: KG | J78: number
A79: ="OBR-"&SUBSTITUTE(SUBSTITUTE(SUBSTITUTE(TRIM(B79)," ","-"),"R-","BE-"),"-OBR","") -> OBR-BE-SN-514 | B79: R SN 514 | C79: SN-SNH Rulmanlar | D79: =VLOOKUP(A79,Sayfa2!C:D,2,0) -> 8.57 | G79: Ağırlık | H79: =VLOOKUP(A79,Sayfa2!A:B,2,0) -> 0 | I79: KG | J79: number
A80: ="OBR-"&SUBSTITUTE(SUBSTITUTE(SUBSTITUTE(TRIM(B80)," ","-"),"R-","BE-"),"-OBR","") -> OBR-BE-SN-515 | B80: R SN 515 | C80: SN-SNH Rulmanlar | D80: =VLOOKUP(A80,Sayfa2!C:D,2,0) -> 8.57 | G80: Ağırlık | H80: =VLOOKUP(A80,Sayfa2!A:B,2,0) -> 0 | I80: KG | J80: number
A81: ="OBR-"&SUBSTITUTE(SUBSTITUTE(SUBSTITUTE(TRIM(B81)," ","-"),"R-","BE-"),"-OBR","") -> OBR-BE-SN-516 | B81: R SN 516 | C81: SN-SNH Rulmanlar | D81: =VLOOKUP(A81,Sayfa2!C:D,2,0) -> 10 | G81: Ağırlık | H81: =VLOOKUP(A81,Sayfa2!A:B,2,0) -> 0 | I81: KG | J81: number
... A106: ="OBR-"&SUBSTITUTE(SUBSTITUTE(SUBSTITUTE(TRIM(B106)," ","-"),"R-","BE-"),"-OBR","") -> OBR-BE-SNH-526 | B106: R SNH 526 | C106: SN-SNH Rulmanlar | D106: =VLOOKUP(A106,Sayfa2!C:D,2,0) -> 51.79 | G106: Ağırlık | H106: =VLOOKUP(A106,Sayfa2!A:B,2,0) -> 0 | I106: KG | J106: number
A107: OBR-BE-GU-1000 | B107: R GU 1000 OBR | C107: İstavrozlar | D107: =VLOOKUP(A107,Sayfa2!C:D,2,0) -> 1.35 | G107: Ağırlık | H107: =VLOOKUP(A107,Sayfa2!A:B,2,0) -> 0.48 | I107: KG | J107: number
A108: OBR-BE-GU-1000-C | B108: R GU 1000 C OBR | C108: İstavrozlar | D108: =VLOOKUP(A108,Sayfa2!C:D,2,0) -> 1.52 | G108: Ağırlık | H108: =VLOOKUP(A108,Sayfa2!A:B,2,0) -> 0.48 | I108: KG | J108: number
A109: TAW-BE-GU-1000-C | B109: R GU 1000 C TAW | C109: İstavrozlar | D109: =VLOOKUP(A109,Sayfa2!C:D,2,0) -> 1.52 | G109: Ağırlık | H109: =VLOOKUP(A109,Sayfa2!A:B,2,0) -> 0.48 | I109: KG | J109: number
A110: OBR-BE-GU-1100 | B110: R GU 1100 OBR | C110: İstavrozlar | D110: =VLOOKUP(A110,Sayfa2!C:D,2,0) -> 1.35 | G110: Ağırlık | H110: =VLOOKUP(A110,Sayfa2!A:B,2,0) -> 0.4 | I110: KG | J110: number
A111: OBR-BE-GU-1100-C | B111: R GU 1100 C OBR | C111: İstavrozlar | D111: =VLOOKUP(A111,Sayfa2!C:D,2,0) -> 1.35 | G111: Ağırlık | H111: =VLOOKUP(A111,Sayfa2!A:B,2,0) -> 0.4 | I111: KG | J111: number
A112: TAW-BE-GU-1100-C | B112: R GU 1100 C TAW | C112: İstavrozlar | D112: =VLOOKUP(A112,Sayfa2!C:D,2,0) -> 1.35 | G112: Ağırlık | H112: =VLOOKUP(A112,Sayfa2!A:B,2,0) -> 0.4 | I112: KG | J112: number
A113: OBR-BE-GU-1100-T | B113: R GU 1100 T OBR | C113: İstavrozlar | D113: =VLOOKUP(A113,Sayfa2!C:D,2,0) -> 1.35 | G113: Ağırlık | H113: =VLOOKUP(A113,Sayfa2!A:B,2,0) -> 0.4 | I113: KG | J113: number
A114: OBR-BE-GU-1380-C | B114: R GU 1380 C OBR | C114: İstavrozlar | D114: =VLOOKUP(A114,Sayfa2!C:D,2,0) -> 0.93 | G114: Ağırlık | H114: =VLOOKUP(A114,Sayfa2!A:B,2,0) -> 0.215 | I114: KG | J114: number
A115: TAW-BE-GU-1380-C | B115: R GU 1380 C TAW | C115: İstavrozlar | D115: =VLOOKUP(A115,Sayfa2!C:D,2,0) -> 0.93 | G115: Ağırlık | H115: =VLOOKUP(A115,Sayfa2!A:B,2,0) -> 0.215 | I115: KG | J115: number
A116: OBR-BE-GU-1700-C | B116: R GU 1700 C OBR | C116: İstavrozlar | D116: =VLOOKUP(A116,Sayfa2!C:D,2,0) -> 0.93 | G116: Ağırlık | H116: =VLOOKUP(A116,Sayfa2!A:B,2,0) -> 0.216 | I116: KG | J116: number
A117: TAW-BE-GU-1700-C | B117: R GU 1700 C TAW | C117: İstavrozlar | D117: =VLOOKUP(A117,Sayfa2!C:D,2,0) -> 0.93 | G117: Ağırlık | H117: =VLOOKUP(A117,Sayfa2!A:B,2,0) -> 0.216 | I117: KG | J117: number
A118: OBR-BE-GU-1740 | B118: R GU 1740 OBR | C118: İstavrozlar | D118: =VLOOKUP(A118,Sayfa2!C:D,2,0) -> 1.88 | G118: Ağırlık | H118: =VLOOKUP(A118,Sayfa2!A:B,2,0) -> 0.63 | I118: KG | J118: number
... A191: TAW-QC-1-1/4-F | B191: 824A-11 1-1/4 G DISI | C191: Jaklar | D191: =VLOOKUP(A191,Sayfa2!C:D,2,0) -> 0 | G191: Ağırlık | H191: =VLOOKUP(A191,Sayfa2!A:B,2,0) -> 0 | I191: KG | J191: number
A192: ="OBR-"&SUBSTITUTE(SUBSTITUTE(SUBSTITUTE(SUBSTITUTE(SUBSTITUTE(SUBSTITUTE(B192," ","-"),"R-","RUL-"),"-OBR",""),"SOMUN","NUT"),"FIBERLI","FBR"),"PUL","WSH") -> OBR-KM-0-NUT | B192: KM 0 SOMUN | C192: KM-MB | D192: =VLOOKUP(A192,Sayfa2!C:D,2,0) -> 0 | G192: Ağırlık | H192: =VLOOKUP(A192,Sayfa2!A:B,2,0) -> 0 | I192: KG | J192: number
A193: ="OBR-"&SUBSTITUTE(SUBSTITUTE(SUBSTITUTE(SUBSTITUTE(SUBSTITUTE(SUBSTITUTE(B193," ","-"),"R-","RUL-"),"-OBR",""),"SOMUN","NUT"),"FIBERLI","FBR"),"PUL","WSH") -> OBR-KM-01-NUT | B193: KM 01 SOMUN | C193: KM-MB | D193: =VLOOKUP(A193,Sayfa2!C:D,2,0) -> 0 | G193: Ağırlık | H193: =VLOOKUP(A193,Sayfa2!A:B,2,0) -> 0 | I193: KG | J193: number
A194: ="OBR-"&SUBSTITUTE(SUBSTITUTE(SUBSTITUTE(SUBSTITUTE(SUBSTITUTE(SUBSTITUTE(B194," ","-"),"R-","RUL-"),"-OBR",""),"SOMUN","NUT"),"FIBERLI","FBR"),"PUL","WSH") -> OBR-KM-02-NUT | B194: KM 02 SOMUN | C194: KM-MB | D194: =VLOOKUP(A194,Sayfa2!C:D,2,0) -> 0 | G194: Ağırlık | H194: =VLOOKUP(A194,Sayfa2!A:B,2,0) -> 0 | I194: KG | J194: number
A195: ="OBR-"&SUBSTITUTE(SUBSTITUTE(SUBSTITUTE(SUBSTITUTE(SUBSTITUTE(SUBSTITUTE(B195," ","-"),"R-","RUL-"),"-OBR",""),"SOMUN","NUT"),"FIBERLI","FBR"),"PUL","WSH") -> OBR-KM-03-NUT | B195: KM 03 SOMUN | C195: KM-MB | D195: =VLOOKUP(A195,Sayfa2!C:D,2,0) -> 0 | G195: Ağırlık | H195: =VLOOKUP(A195,Sayfa2!A:B,2,0) -> 0 | I195: KG | J195: number
A196: ="OBR-"&SUBSTITUTE(SUBSTITUTE(SUBSTITUTE(SUBSTITUTE(SUBSTITUTE(SUBSTITUTE(B196," ","-"),"R-","RUL-"),"-OBR",""),"SOMUN","NUT"),"FIBERLI","FBR"),"PUL","WSH") -> OBR-KM-04-NUT | B196: KM 04 SOMUN | C196: KM-MB | D196: =VLOOKUP(A196,Sayfa2!C:D,2,0) -> 0 | G196: Ağırlık | H196: =VLOOKUP(A196,Sayfa2!A:B,2,0) -> 0 | I196: KG | J196: number
A197: ="OBR-"&SUBSTITUTE(SUBSTITUTE(SUBSTITUTE(SUBSTITUTE(SUBSTITUTE(SUBSTITUTE(B197," ","-"),"R-","RUL-"),"-OBR",""),"SOMUN","NUT"),"FIBERLI","FBR"),"PUL","WSH") -> OBR-KM-05-NUT | B197: KM 05 SOMUN | C197: KM-MB | D197: =VLOOKUP(A197,Sayfa2!C:D,2,0) -> 0 | G197: Ağırlık | H197: =VLOOKUP(A197,Sayfa2!A:B,2,0) -> 0 | I197: KG | J197: number
A198: ="OBR-"&SUBSTITUTE(SUBSTITUTE(SUBSTITUTE(SUBSTITUTE(SUBSTITUTE(SUBSTITUTE(B198," ","-"),"R-","RUL-"),"-OBR",""),"SOMUN","NUT"),"FIBERLI","FBR"),"PUL","WSH") -> OBR-KM-06-NUT | B198: KM 06 SOMUN | C198: KM-MB | D198: =VLOOKUP(A198,Sayfa2!C:D,2,0) -> 0 | G198: Ağırlık | H198: =VLOOKUP(A198,Sayfa2!A:B,2,0) -> 0 | I198: KG | J198: number
A199: ="OBR-"&SUBSTITUTE(SUBSTITUTE(SUBSTITUTE(SUBSTITUTE(SUBSTITUTE(SUBSTITUTE(B199," ","-"),"R-","RUL-"),"-OBR",""),"SOMUN","NUT"),"FIBERLI","FBR"),"PUL","WSH") -> OBR-KM-07-NUT | B199: KM 07 SOMUN | C199: KM-MB | D199: =VLOOKUP(A199,Sayfa2!C:D,2,0) -> 0 | G199: Ağırlık | H199: =VLOOKUP(A199,Sayfa2!A:B,2,0) -> 0 | I199: KG | J199: number
A200: ="OBR-"&SUBSTITUTE(SUBSTITUTE(SUBSTITUTE(SUBSTITUTE(SUBSTITUTE(SUBSTITUTE(B200," ","-"),"R-","RUL-"),"-OBR",""),"SOMUN","NUT"),"FIBERLI","FBR"),"PUL","WSH") -> OBR-KM-08-NUT | B200: KM 08 SOMUN | C200: KM-MB | D200: =VLOOKUP(A200,Sayfa2!C:D,2,0) -> 0 | G200: Ağırlık | H200: =VLOOKUP(A200,Sayfa2!A:B,2,0) -> 0 | I200: KG | J200: number
A201: ="OBR-"&SUBSTITUTE(SUBSTITUTE(SUBSTITUTE(SUBSTITUTE(SUBSTITUTE(SUBSTITUTE(B201," ","-"),"R-","RUL-"),"-OBR",""),"SOMUN","NUT"),"FIBERLI","FBR"),"PUL","WSH") -> OBR-KM-09-NUT | B201: KM 09 SOMUN | C201: KM-MB | D201: =VLOOKUP(A201,Sayfa2!C:D,2,0) -> 0 | G201: Ağırlık | H201: =VLOOKUP(A201,Sayfa2!A:B,2,0) -> 0 | I201: KG | J201: number
A202: ="OBR-"&SUBSTITUTE(SUBSTITUTE(SUBSTITUTE(SUBSTITUTE(SUBSTITUTE(SUBSTITUTE(B202," ","-"),"R-","RUL-"),"-OBR",""),"SOMUN","NUT"),"FIBERLI","FBR"),"PUL","WSH") -> OBR-KM-10-NUT | B202: KM 10 SOMUN | C202: KM-MB | D202: =VLOOKUP(A202,Sayfa2!C:D,2,0) -> 0 | G202: Ağırlık | H202: =VLOOKUP(A202,Sayfa2!A:B,2,0) -> 0 | I202: KG | J202: number
A203: ="OBR-"&SUBSTITUTE(SUBSTITUTE(SUBSTITUTE(SUBSTITUTE(SUBSTITUTE(SUBSTITUTE(B203," ","-"),"R-","RUL-"),"-OBR",""),"SOMUN","NUT"),"FIBERLI","FBR"),"PUL","WSH") -> OBR-KM-11-NUT | B203: KM 11 SOMUN | C203: KM-MB | D203: =VLOOKUP(A203,Sayfa2!C:D,2,0) -> 0 | G203: Ağırlık | H203: =VLOOKUP(A203,Sayfa2!A:B,2,0) -> 0 | I203: KG | J203: number
... A268: ="OBR-"&SUBSTITUTE(SUBSTITUTE(SUBSTITUTE(SUBSTITUTE(SUBSTITUTE(SUBSTITUTE(B268," ","-"),"R-","RUL-"),"-OBR",""),"SOMUN","NUT"),"FIBERLI","FBR"),"PUL","WSH") -> OBR-MB-38-WSH | B268: MB 38 PUL | C268: KM-MB | D268: =VLOOKUP(A268,Sayfa2!C:D,2,0) -> 0 | G268: Ağırlık | H268: =VLOOKUP(A268,Sayfa2!A:B,2,0) -> 0 | I268: KG | J268: number
A269: TAW-BG-1.5M-16T | B269: 1,5 MODUL 16 BEVEL GEAR | C269: Modüler | D269: 0 | G269: Ağırlık | H269: 0 | I269: KG | J269: number
A270: TAW-BG-1.5M-18T | B270: 1,5 MODUL 18 BEVEL GEAR | C270: Modüler | D270: 0 | G270: Ağırlık | H270: 0 | I270: KG | J270: number
A271: TAW-BG-1.5M-20T | B271: 1,5 MODUL 20 BEVEL GEAR | C271: Modüler | D271: 0 | G271: Ağırlık | H271: 0 | I271: KG | J271: number
A272: TAW-BG-1.5M-22T | B272: 1,5 MODUL 22 BEVEL GEAR | C272: Modüler | D272: 0 | G272: Ağırlık | H272: 0 | I272: KG | J272: number
A273: TAW-BG-1.5M-24T | B273: 1,5 MODUL 24 BEVEL GEAR | C273: Modüler | D273: 0 | G273: Ağırlık | H273: 0 | I273: KG | J273: number
A274: TAW-BG-1.5M-25T | B274: 1,5 MODUL 25 BEVEL GEAR | C274: Modüler | D274: 0 | G274: Ağırlık | H274: 0 | I274: KG | J274: number
A275: TAW-BG-1.5M-26T | B275: 1,5 MODUL 26 BEVEL GEAR | C275: Modüler | D275: 0 | G275: Ağırlık | H275: 0 | I275: KG | J275: number
A276: TAW-BG-1.5M-28T | B276: 1,5 MODUL 28 BEVEL GEAR | C276: Modüler | D276: 0 | G276: Ağırlık | H276: 0 | I276: KG | J276: number
A277: TAW-BG-2M-16T | B277: 2 MODUL 16 BEVEL GEAR | C277: Modüler | D277: 0 | G277: Ağırlık | H277: 0 | I277: KG | J277: number
A278: TAW-BG-2M-20T | B278: 2 MODUL 20 BEVEL GEAR | C278: Modüler | D278: 0 | G278: Ağırlık | H278: 0 | I278: KG | J278: number
A279: TAW-BG-2M-22T | B279: 2 MODUL 22 BEVEL GEAR | C279: Modüler | D279: 0 | G279: Ağırlık | H279: 0 | I279: KG | J279: number
A280: TAW-BG-2M-48T | B280: 2 MODUL 48 BEVEL GEAR | C280: Modüler | D280: 0 | G280: Ağırlık | H280: 0 | I280: KG | J280: number
... A317: TAW-CPR-GS-48 | B317: GS 48 COUPLING RUBBER | C317: Modüler | D317: 0 | G317: Ağırlık | H317: 0 | I317: KG | J317: number

Sheet Sayfa2
B3: KG | D3: LHZ 21-10-2015
B4: KİLOSU
A5: OBR-BE-H-204 | B5: 0.041 | C5: OBR-BE-H-204 | D5: 0.54
A6: OBR-BE-H-205 | B6: 0.07 | C6: OBR-BE-H-205 | D6: 0.49
A7: OBR-BE-H-206 | B7: 0.1 | C7: OBR-BE-H-206 | D7: 0.51
A8: OBR-BE-H-207 | B8: 0.13 | C8: OBR-BE-H-207 | D8: 0.57
A9: OBR-BE-H-208 | B9: 0.17 | C9: OBR-BE-H-208 | D9: 0.62
A10: OBR-BE-H-209 | B10: 0.23 | C10: OBR-BE-H-209 | D10: 0.72
A11: OBR-BE-H-210 | B11: 0.27 | C11: OBR-BE-H-210 | D11: 0.82
A12: OBR-BE-H-211 | B12: 0.31 | C12: OBR-BE-H-211 | D12: 0.92
A13: OBR-BE-H-212 | B13: 0.35 | C13: OBR-BE-H-212 | D13: 1.05
A14: OBR-BE-H-213 | B14: 0.4 | C14: OBR-BE-H-213 | D14: 1.19
A15: OBR-BE-H-214 | B15: 0.6 | C15: OBR-BE-H-214 | D15: 1.76
A16: OBR-BE-H-215 | B16: 0.71 | C16: OBR-BE-H-215 | D16: 1.88
... A43: OBR-BE-H-3128 | B43: 4.33 | C43: OBR-BE-H-3128 | D43: 17.8
A44: OBR-BE-H-3130 | B44: 5.49 | C44: OBR-BE-H-3130
A45: OBR-BE-H-3132 | B45: 7.57 | C45: OBR-BE-H-3132 | D45: 26.31
A46: OBR-BE-H-2304 | B46: 0.047 | C46: OBR-BE-H-2304 | D46: 0.64
A47: OBR-BE-H-2305 | B47: 0.087 | C47: OBR-BE-H-2305 | D47: 0.59
A48: OBR-BE-H-2306 | B48: 0.117 | C48: OBR-BE-H-2306 | D48: 0.61
A49: OBR-BE-H-2307 | B49: 0.171 | C49: OBR-BE-H-2307 | D49: 0.66
A50: OBR-BE-H-2308 | B50: 0.222 | C50: OBR-BE-H-2308 | D50: 0.8
A51: OBR-BE-H-2309 | B51: 0.28 | C51: OBR-BE-H-2309 | D51: 0.86
A52: OBR-BE-H-2310 | B52: 0.353 | C52: OBR-BE-H-2310 | D52: 0.98
A53: OBR-BE-H-2311 | B53: 0.426 | C53: OBR-BE-H-2311 | D53: 1.15
A54: OBR-BE-H-2312 | B54: 0.533 | C54: OBR-BE-H-2312 | D54: 1.39
A55: OBR-BE-H-2313 | B55: 0.553 | C55: OBR-BE-H-2313 | D55: 1.6
A56: OBR-BE-H-2314 | B56: 0.895 | C56: OBR-BE-H-2314 | D56: 2.44
... A72: OBR-BE-H-2340 | B72: 14 | C72: OBR-BE-H-2340 | D72: 50.37
A73: OBR-BE-SN-505 | C73: OBR-BE-SN-505 | D73: 3.21
A74: OBR-BE-SN-506 | C74: OBR-BE-SN-506 | D74: 3.21
A75: OBR-BE-SN-507 | C75: OBR-BE-SN-507 | D75: 3.57
A76: OBR-BE-SN-508 | C76: OBR-BE-SN-508 | D76: 4.02
A77: OBR-BE-SN-509 | C77: OBR-BE-SN-509 | D77: 4.2
A78: OBR-BE-SN-510 | C78: OBR-BE-SN-510 | D78: 4.55
A79: OBR-BE-SN-511 | C79: OBR-BE-SN-511 | D79: 5.36
A80: OBR-BE-SN-512 | C80: OBR-BE-SN-512 | D80: 5.89
A81: OBR-BE-SN-513 | C81: OBR-BE-SN-513 | D81: 7.5
A82: OBR-BE-SN-514 | C82: OBR-BE-SN-514 | D82: 8.57
A83: OBR-BE-SN-515 | C83: OBR-BE-SN-515 | D83: 8.57
A84: OBR-BE-SN-516 | C84: OBR-BE-SN-516 | D84: 10
... A109: OBR-BE-SNH-526 | C109: OBR-BE-SNH-526 | D109: 51.79
A110: OBR-BE-GU-1000 | B110: 0.48 | C110: OBR-BE-GU-1000 | D110: 1.35
A111: OBR-BE-GU-1000-C | B111: 0.48 | C111: OBR-BE-GU-1000-C | D111: 1.52
A112: TAW-BE-GU-1000-C | B112: 0.48 | C112: TAW-BE-GU-1000-C | D112: 1.52
A113: OBR-BE-GU-1100 | B113: 0.4 | C113: OBR-BE-GU-1100 | D113: 1.35
A114: OBR-BE-GU-1100-C | B114: 0.4 | C114: OBR-BE-GU-1100-C | D114: 1.35
A115: TAW-BE-GU-1100-C | B115: 0.4 | C115: TAW-BE-GU-1100-C | D115: 1.35
A116: OBR-BE-GU-1100-T | B116: 0.4 | C116: OBR-BE-GU-1100-T | D116: 1.35
A117: OBR-BE-GU-1380-C | B117: 0.215 | C117: OBR-BE-GU-1380-C | D117: 0.93
A118: TAW-BE-GU-1380-C | B118: 0.215 | C118: TAW-BE-GU-1380-C | D118: 0.93
A119: OBR-BE-GU-1700-C | B119: 0.216 | C119: OBR-BE-GU-1700-C | D119: 0.93
A120: TAW-BE-GU-1700-C | B120: 0.216 | C120: TAW-BE-GU-1700-C | D120: 0.93
A121: OBR-BE-GU-1740 | B121: 0.63 | C121: OBR-BE-GU-1740 | D121: 1.88
... A147: TAW-BE-GU-3082-C | B147: 0.6 | C147: TAW-BE-GU-3082-C | D147: 1.85
A148: TAW-BE-GU-3100-C | C148: TAW-BE-GU-3100-C
A149: OBR-BE-GU-3276 | B149: 0.7 | C149: OBR-BE-GU-3276 | D149: 1.8
A150: TAW-BE-GU-3276 | B150: 0.7 | C150: TAW-BE-GU-3276 | D150: 1.8
A151: OBR-BE-GU-3500-C | B151: 1.52 | C151: OBR-BE-GU-3500-C | D151: 4
A152: TAW-BE-GU-3500-C | B152: 1.52 | C152: TAW-BE-GU-3500-C | D152: 4
A153: OBR-BE-GU-3593 | B153: 1.2 | C153: OBR-BE-GU-3593 | D153: 2.2
A154: TAW-BE-GU-3593 | B154: 1.2 | C154: TAW-BE-GU-3593 | D154: 2.2
A155: OBR-BE-GU-500 | B155: 0.254 | C155: OBR-BE-GU-500 | D155: 1.23
A156: TAW-BE-GU-500 | B156: 0.254 | C156: TAW-BE-GU-500 | D156: 1.23
A157: NN-BE-GU-500-C | B157: 0.254 | C157: NN-BE-GU-500-C | D157: 1.23
A158: OBR-BE-GU-500-C | B158: 0.254 | C158: OBR-BE-GU-500-C | D158: 1.23
A159: TAW-BE-GU-500-C | B159: 0.254 | C159: TAW-BE-GU-500-C | D159: 1.23
A160: OBR-BE-GU-500-T | B160: 0.254 | C160: OBR-BE-GU-500-T | D160: 1.23
... A170: TAW-BE-GU-7440 | B170: 1.33 | C170: TAW-BE-GU-7440 | D170: 2.5
A171: OBR-BE-GU-9050 | B171: 0.487 | C171: OBR-BE-GU-9050
A172: TAW-BE-GU-9050 | B172: 0.487 | C172: TAW-BE-GU-9050
A173: OBR-BE-GUM-88 | B173: 0.422 | C173: OBR-BE-GUM-88 | D173: 1.2
A174: TAW-BE-GUM-88 | B174: 0.422 | C174: TAW-BE-GUM-88 | D174: 1.2
A175: OBR-BE-GUM-93-C | B175: 0.58 | C175: OBR-BE-GUM-93-C | D175: 1.6
A176: TAW-BE-GUM-93 | B176: 0.58 | C176: TAW-BE-GUM-93 | D176: 1.6
A177: OBR-BE-GUMZ-3-4 | B177: 0.591 | C177: OBR-BE-GUMZ-3-4 | D177: 2.1
A178: TAW-BE-GUMZ-3-4 | B178: 0.591 | C178: TAW-BE-GUMZ-3-4 | D178: 2.1
A179: OBR-BE-GUMZ-9 | B179: 0.395 | C179: OBR-BE-GUMZ-9 | D179: 1.4
A180: TAW-BE-GUMZ-9 | B180: 0.395 | C180: TAW-BE-GUMZ-9 | D180: 1.4
A181: OBR-BE-GUS-2 | B181: 0.306 | C181: OBR-BE-GUS-2
A182: TAW-BE-GUS-2 | B182: 0.306 | C182: TAW-BE-GUS-2
A183: OBR-BE-GUS-7 | B183: 0.305 | C183: OBR-BE-GUS-7 | D183: 1.19
A184: TAW-BE-GUS-7-C | B184: 0.305 | C184: TAW-BE-GUS-7-C | D184: 1.19
A185: OBR-BE-GUT-21 | B185: 0.522 | C185: OBR-BE-GUT-21 | D185: 1.85
A186: TAW-BE-GUT-21 | B186: 0.522 | C186: TAW-BE-GUT-21 | D186: 1.85
A187: TAW-QC-1/2-F | B187: 0.28 | C187: TAW-QC-1/2-F | D187: 1.18
A188: TAW-QC-1/2-M | B188: 0.11 | C188: TAW-QC-1/2-M | D188: 0.54
A189: TAW-QC-3/4-M | C189: TAW-QC-3/4-M
A190: TAW-QC-3/4-F | C190: TAW-QC-3/4-F
A191: TAW-QC-1-M | C191: TAW-QC-1-M
A192: TAW-QC-1-F | C192: TAW-QC-1-F
A193: TAW-QC-1-1/4-M | C193: TAW-QC-1-1/4-M
A194: TAW-QC-1-1/4-F | C194: TAW-QC-1-1/4-F
A195: OBR-KM-0-NUT | C195: OBR-KM-0-NUT
A196: OBR-KM-01-NUT | C196: OBR-KM-01-NUT
A197: OBR-KM-02-NUT | C197: OBR-KM-02-NUT
A198: OBR-KM-03-NUT | C198: OBR-KM-03-NUT
A199: OBR-KM-04-NUT | C199: OBR-KM-04-NUT
A200: OBR-KM-05-NUT | C200: OBR-KM-05-NUT
... A223: OBR-KM-38-NUT | C223: OBR-KM-38-NUT
...
